claim_id,page_number,chapter_title,claim_type,confidence,actor,action,event,location,time,frame,source,affected_entities,named_entities,themes,claim_text
claim-1971-india-pakistan-war-2-0001,1,Unspecified,factual,0.0,Bangladesh,the creation,1971 India-Pakistan War,Asia,Unspecified,Unspecified,Book: An Atlas of the 1971 India-Pakistan War,"[""India"", ""Pakistan""]","[{""text"": ""1971"", ""label"": ""year""}, {""text"": ""India"", ""label"": ""country""}, {""text"": ""Pakistan"", ""label"": ""country""}, {""text"": ""Bangladesh"", ""label"": ""country""}]",[],The creation of Bangladesh was the result of the 1971 India-Pakistan War.
claim-1971-india-pakistan-war-2-0002,5,Unspecified,factual,0.8,India,dramatic victory,reduction of Pakistan,,,,Book: An Atlas of the 1971 India-Pakistan War: The Creation of Bangladesh,[],[],[],India's dramatic victory not only brought Bangladesh into being and reduced Pakistan by half
claim-1971-india-pakistan-war-2-0003,5,Unspecified,factual,0.7,Soviet Union,formalizing ties,signing of a prewar treaty,,,,Book: An Atlas of the 1971 India-Pakistan War: The Creation of Bangladesh,[],[],[],The dramatic victory formalized Soviet-Indian ties in a prewar treaty
claim-1971-india-pakistan-war-2-0004,5,Unspecified,factual,0.6,Soviet Union,formalizing ties,increase in US-India relations' suspicion,,,,Book: An Atlas of the 1971 India-Pakistan War: The Creation of Bangladesh,[],[],[],This formalization led to increased suspicion in US-India relations
claim-1971-india-pakistan-war-2-0005,5,Unspecified,factual,0.9,Soviet Union,formalizing ties,launching of Pakistan's nuclear program,,,,Book: An Atlas of the 1971 India-Pakistan War: The Creation of Bangladesh,[],[],[],The formalization of Soviet-Indian ties in a prewar treaty launched Pakistan's nuclear program
claim-1971-india-pakistan-war-2-0006,5,Unspecified,factual,0.8,India,signing the Simla AccORD,becoming a touchstone,,,,Book: An Atlas of the 1971 India-Pakistan War: The Creation of Bangladesh,[],[],[],The Simla AccORD in 1972 has become a touchstone of Indian foreign policy
claim-1971-india-pakistan-war-2-0007,5,Unspecified,factual,0.7,India,signing the Simla AccORD,framing interaction with Pakistan and external powers,,,,Book: An Atlas of the 1971 India-Pakistan War: The Creation of Bangladesh,[],[],[],This AccORD has framed interaction with Pakistan and external powers for thirty years
claim-1971-india-pakistan-war-2-0008,5,Unspecified,factual,0.9,India,the 1971 War,many fundamental issues remaining unresolved,,,,Book: An Atlas of the 1971 India-Pakistan War: The Creation of Bangladesh,[],[],[],Many of the fundamental issues of the subcontinent remain unresolved
claim-1971-india-pakistan-war-2-0009,5,Unspecified,factual,0.8,India,the 1971 War,Pakistan's trauma,,,,Book: An Atlas of the 1971 India-Pakistan War: The Creation of Bangladesh,[],[],[],Pakistan was traumatized
claim-1971-india-pakistan-war-2-0010,5,Unspecified,factual,0.7,India,the 1971 War,India's dissatisfaction,,,,Book: An Atlas of the 1971 India-Pakistan War: The Creation of Bangladesh,[],[],[],Even India is not entirely satisfied
claim-1971-india-pakistan-war-2-0011,5,Unspecified,factual,0.9,India,the 1971 War,questions of national identity,,,,Book: An Atlas of the 1971 India-Pakistan War: The Creation of Bangladesh,[],[],[],Questions of national identity
claim-1971-india-pakistan-war-2-0012,5,Unspecified,factual,0.8,India,the 1971 War,Kashmir problem,,,,Book: An Atlas of the 1971 India-Pakistan War: The Creation of Bangladesh,[],[],[],Kashmir problem
claim-1971-india-pakistan-war-2-0013,5,Unspecified,factual,0.9,India,the 1971 War,focusing on military operations,,,,Book: An Atlas of the 1971 India-Pakistan War: The Creation of Bangladesh,[],[],[],The present study concentrates on the military operations of the 1971 War
claim-1971-india-pakistan-war-2-0014,5,Unspecified,factual,0.7,India,the 1971 War,domestic policies influence on armed forces,,,,Book: An Atlas of the 1971 India-Pakistan War: The Creation of Bangladesh,[],[],[],This study does not pretend to cover domestic policies except insofar as they influenced the actions of armed forces
claim-1971-india-pakistan-war-2-0015,5,Unspecified,factual,0.8,India,the 1971 War,using public sources,,,,Book: An Atlas of the 1971 India-Pakistan War: The Creation of Bangladesh,[],[],[],Every effort has been made to use the best public sources
claim-1971-india-pakistan-war-2-0016,5,Unspecified,factual,0.7,India,the 1971 War,errors of interpretation or analysis,,,,Book: An Atlas of the 1971 India-Pakistan War: The Creation of Bangladesh,[],[],[],Any errors of interpretation or analysis are the author’s alone
claim-1971-india-pakistan-war-2-0017,5,Unspecified,factual,0.9,India,the 1971 War,aiming to provide a resource,,,,Book: An Atlas of the 1971 India-Pakistan War: The Creation of Bangladesh,[],[],[],The present study aims to provide a ready resource for objective study of the war
claim-1971-india-pakistan-war-2-0018,5,Unspecified,factual,0.8,India,the 1971 War,errors of interpretation or analysis,,,,Book: An Atlas of the 1971 India-Pakistan War: The Creation of Bangladesh,[],[],[],Any errors of interpretation or analysis are the author's alone
